{"x": 346, "y": 152, "radius_star": 36.97178374598533, "gap": 16.267584848233543, "width_bkgnd": 16.267584848233543}